"feature","importance","type"
"x9",0.000930106608972536,"global"
"x10",0.000236648380217435,"global"
"x9_05",0.0263909870891948,"global"
"x9_10",0.32762568858996,"global"
"x9_20",0.420389834062986,"global"
"A_lam60.A_lam60",0.0305518842909297,"global"
"A_lam70.A_lam70",0.000810486556545411,"global"
"A_range",1.9607211727099e-07,"global"
"F001.F001",0.032153155605433,"global"
"F010.F010",0.0179476254101853,"global"
"F050.F050",0.121026764533781,"global"
"F100.F100",0.153742816767463,"global"
"R0",0.00985734156442494,"global"
"Simes_min",1.32486592232724e-05,"global"
"KS",0.0870942315183768,"global"
"HC",0.026788614045832,"global"
"q01",0.0105419064589593,"global"
"q05",0.00529216507666074,"global"
"lnp_mean",0.00146739248089612,"global"
"lnp_med",0.0305610344036468,"global"
"lnp_p90",0.0546876559686345,"global"
"m",0.000198467951338805,"global"
"enrichment_ratio",0.000553793012546796,"global"
"max_freq",0.00177699369408302,"global"
"A_07_subsample_sd",1.18630374451798e-05,"global"
"CP05",0.02077200445831,"global"
"CP10",0.351277924540429,"global"
"CP20",0.380785309808701,"global"
"mean_p",0.458592101974496,"global"
"median_p",0.0715343696405237,"global"
"CvM",0.13959087953958,"global"
"A_lam98",5.22182648408774e-05,"global"
